Sequences,pMIC
FGGGVGLGGGQGGGG,-4.820871171
FGGGVGLGGGQGGGG,-3.820871171
TRSGGLREQWIT,-6.511937511
SGSGGLGENWGG,-6.894201256
SNSGGLGENWGG,-6.819673882
KVVVKWVVKVVK,-1.64385619
KAAAKWAAKAAK,-3.64385619
KWLNALLHHGLNCAKGVLA,-3.544084094
KWLNALLHHGLNCAKGVLA,-3.544084094
KWLNALLHHGLNCAKGVLA,-2.544084094
KWLNALLHHGLNCAKGVLA,-3.544084094
KWLNALLHHGLNCAKGVLA,-2.544084094
KWLNALLHHGLNCAKGVLA,-4.544084094
KGGGKWGGKGGK,-6.64385619
KGGGKWGGKGGK,-1.64385619
KAAAKWAAKAAK,-6.64385619
KVVVKWVVKVVK,-6.64385619
KLLLKWLLKLLK,-4.64385619
KLLLKWLLKLLK,-6.64385619
KRIVQRIKDFLRNLVPRTES,-3.321928095
KRIVQRIKDFLR,-3.321928095
KRIVQRIKDFLR,-1.670309199
RRRFPWVCWPFLRRR,-8.874538061
KWKSFIKKLTSAAKKVVTTAKPLISS,-4.483732656
KWKLFKKIGIGAVLKVLTTGLPALIS,-4.5173995
KWKSFIKKLTTAVKKVLTTGLPALIS,-3.478165293
KWKLFKKIPKFLHLAKKF,-2.383366276
KWKLFKKIPKFLHLAKKF,-4.383366276
KWKLFKKIPKFLHLAKKF,1.201596225
KWKLFKKIPKFLHLAKKF,-1.383366276
KWKLFKKIPKFLHLAKKF,-0.383366276
KWKLFKKIPKFLHLAKKF,-3.383366276
RLLRRLLRRLLRRLLRRLLR,-3.561462284
RLLRRLLRRLLRRLLRRLLR,-1.561462284
APKAMRLLRRLLRRLLR,-1.907975279
RLLRRLLRRLLRLQKKGI,-3.797776636
APKAMRLLRRLLRLQKKGI,2.176890802
PKAMRLLRRLLRLQKKG,-3.945734969
APKAMHSAKKFGKAFVGEIMLQKKGI,-3.506629346
KWKLFKKIGAVLKVL,-4.175997986
RLARIVVIRVAR,-2.663221515
GGGQGGGEQGQEGGGQGGY,-5
GGGQGGGEGGGEGGGQGGY,-5
GGGQQGGGGGGQGGQGGGY,-3
GGGQQGGGGGGQGGQGGGY,-3
GGGQQGGGGGGQGGQGGGY,-5
GGGQGGGQGGGQGGGGGGY,-4
GGGQGGGEGGGGGGGGGGY,-2
GGGQGGGPGGGPGGGGGGY,-5
GGGQGGGQGGGQGGGGGGY,-5
GGGQGGGQGGGQGGGGGGY,-5
GGGQGGPGGGGGGPGGGGY,-5
GGGGGGGGGGGGGGGGGGY,0
GGGQGGGGGGGGGGGGGGY,-1.584962501
GGGGGGGGGGGGGGGGGGY,-0.584962501
GGGGGGGGGGGGGGGGY,-3
GGGGGGGGGGGGGGY,-4
GGGGGGGGGGGGGY,-5
GGGGGGGGGGGGY,-5
GGGGGGGGGGGGY,-3
GGGGGGGGGGGGGY,-3
GRFKRFRKKFKKLFKKLS,-4
GGLRSLGRKILRAWKKYG,-4
LCYCRRRFCVCVGR,-5.158454334
LCYCRRRFCVCV,-2.922197848
GIWKTIKSMGKVFAGKILQNL,-2.584962501
GIWDTIKSMGKVFAGAILQNL,-4.64385619
GIWDTIKSMGKVFAGLILQNL,-3.64385619
GIWDTIKSMGKVFAGKIKQNL,-4.64385619
GIWKTIKSMGKVFAGKIKQNL,-3.64385619
GIWKTIKSMGKVFAGAILQNL,-3.64385619
GIWKTIKSMGKVFAGAIKQNL,-3.64385619
HPLKQYWWRPSI,-3.541865536
AKRHHGYKRKFH,-0.987193751
AKRHHGYKRKFH,-5.998781726
AKRHHGYKRKFH,-0.987193751
AKRHHGYKRKFH,-1.998781726
AKRHHGYKRKFH,-0.987193751
AKRHHGYKRKFH,-0.987193751
AKRHHGYKRKFH,-0.987193751
AKRHHGYKRKFH,-0.987193751
AKRHHGYKRKFH,-0.987193751
AKRHHGYKRKFH,-0.987193751
AKRHHGYKRKFH,-0.987193751
AKRHHGYKRKFH,-0.987193751
AKRHHGYKRKFH,-0.987193751
AKRHHGYKRKFH,-0.987193751
AKRHHGYKRKFH,-0.987193751
AKRHHGYKRKFH,-0.987193751
AKRHHGYKRKFH,-0.032997441
AKRHHGYKRKFH,-0.987193751
AKRHHGYKRKFH,-0.987193751
AKRHHGYKRKFH,-0.987193751
AKRHHGYKRKFH,-0.987193751
AKRHHGYKRKFH,-0.987193751
AKRHHGYKRKFH,-0.987193751
GIGKFLKKAKKFGKAFVKILKK,-4.335151663
GIGKFLKKAKKFGKAFVKILKK,-3.335151663
GIGKFLKKAKKFGKAFVKILKK,-3.691295473
GIGKFLKKAKKFGKAFVKILKK,-2.691295473
GIGKFLKKAKKFGKAFVKILKK,-3.691295473
RKSKEKIGKEFKRIVQRIKDFLRNLVPRTES,-2
PAEDLARYYSALRHYINLITRQRY,-0.807354922
KAEDLARYYSALRHYINLITRQRY,-0.321928095
TAEDLARYYSALRHYINLITRQRY,-0.807354922
DAEDLARYYSALRHYINLITRQRY,-1.807354922
NPAEDLARYYSALRHYINLITRQRY,-0.321928095
KPAEDLARYYSALRHYINLITRQRY,-0.584962501
TPAEDLARYYSALRHYINLITRQRY,-0.584962501
DPAEDLARYYSALRHYINLITRQRY,-1.807354922
EPAEDLARYYSALRHYINLITRQRY,-2.700439718
RAPAEDLARYYSALRHYINLITRQRY,-0.807354922
NAPAEDLARYYSALRHYINLITRQRY,-0.807354922
KAPAEDLARYYSALRHYINLITRQRY,-0.321928095
EAPAEDLARYYSALRHYINLITRQRY,-2.459431619
NPAEDLARYYSALRHYINLITRQRY,-1.700439718
NPAEDLARYYSALRHYINLITRQRY,-3.906890596
TPAEDLARYYSALRHYINLITRQRY,-2.906890596
DPAEDLARYYSALRHYINLITRQRY,-4.491853096
DPAEDLARYYSALRHYINLITRQRY,-5.64385619
KPAEDLARYYSALRHYINLITRQRY,-0.807354922
KPAEDLARYYSALRHYINLITRQRY,-0.321928095
TPAEDLARYYSALRHYINLITRQRY,-3.700439718
RAGLQFPVGRVHRLLRK,-1
RAGLQFPVGRVHRLLRK,1.00175181
AGLQFPVGRVHRLLRK,-2.115409893
AGLQFPVGRVHRLLRK,-3.64385619
GLQFPVGRVHRLLRK,-2.172050935
LQFPVGRVHRLLRK,-4.219177594
QFPVGRVHRLLRK,-5.317471647
FPVGRVHRLLRK,-4.437506004
PVGRVHRLLRK,-5.588953461
TRSSRAGLQFPVGRVHR,-7.056491199
RAGLQFPVGRVHRLLR,-5.093686598
RAGLQFPVGRVHRLL,-7.219211182
RAGLQFPVGRVHRL,-7.317507604
RAGLQFLVGRVHRLLRK,-2.986737855
RKGLQKLVGRVHRLLRK,-2.959766837
RVHRLLRRVHRLLRRVHRLLR,-6.509193718
RAGLQFPVGRLLRRLLRRLLR,1.355675986
RAGLQFPVGRLLRRLLRRLLR,0.355675986
RAGLQFPVGGIGKFLHSAKKFGK,-0.711393381
AKKVFKRLEKLFSKIQNDK,-4.64385619
AKKVFKRLEKLFSKIQNWK,-4.64385619
AKKVFKRLEKLFSKIWNDK,-4.64385619
AKKVFKRLEKLFSKIWNWK,-3.64385619
AKKVFKRLEKSFSKIQNDK,-4.64385619
AKKVSKRLEKLFSKIQNDK,-4.64385619
AKKVFKRLEKLFSKIFNFK,-4.64385619
AKKVFKRLEKLFSKIYNYK,-3.64385619
GKKLLKKLKKLLKKG,-9.181439447
GKKLLKKLKKLLKKG,-9.181439447
GKKLLKKLKKLLKKW,-5.755185017
GKKLLKKLKKLWKKW,-1.591554236
GKKLLKKWKKLWKKW,-1.889279211
KKLFKKILKFL,-4.64385619
GWKSVFRKAKKVGKTVGGLALDHYL,-3.536231084
GWKKWFNRAKKVGKTVGGLAVDHYL,-0.48481237
RWGKWFKKATHVGKHVGKAALTAYL,-2.487323053
AGWGSIFKHIFKAGKFIHGAIQAHND,-4.488906472
GFWGKLFKLGLHGIGLLHLHL,-2.763733945
GWKKWFTKGERLSQRHFA,-4.822656212
FLGLLFHGVHHVGKWIHGLIHGHH,-4.541502501
GFLGILFHGVHHGRKKALHMNSERRS,-4.422530082
GIFSKLAGKKIKNLLISGLKG,-1.584962501
RLRRIVVIRVAR,-3.40937403
RLARIVKIRVAR,-4.418302613
RLARIVPIRVAR,-7.461133386
RLARIVVIRVAG,-5.574928835
RRWRIVVIRVRR,-1.265292547
KCWNLRGSCREKCIKNEKLYIFCTSGKLCCLKPK,-3.646061591
KCWNLRGSCREKCIKNEKLYIFCTSGKLCCLKPK,-0.324133496
KKVVFKVKFKK,-1.179169075
KKVVFKVKFKK,-2.181479236
KKVVFKVKFKK,-1.179169075
KKVVFKVKFKK,-2.181479236
TKCFQWQRNMRKVRGPPVSCIKRDS,-5.049035369
GIGKFLHAALLFAKAFVAEIMNS,-3.352282099
RSTEDIIKSISGGGFLNAMNA,-4.875374092
GRRKRKWLRRIGKGVKIIGGAALDHL,-0.437042054
KWKSFIKKLTKAAKKVVTTAKKPLIV,-5.436968813
FAKKLAKKLKKLAKKLAK,-3.961065212
FALALKALKKLLKKLKKLAKKAL,-4.633512716
FAKKLAKLAKKLAKLAL,-4.109024189
FAKLLAKLAKKLL,-2.458068916
FAKLLAKALKKLL,-3.458068916
KYKKALKKLAKLL,-2.373289872
FALKALKKLKKALKKAL,-3.065279705
VAKKLAKLAKKLAKLALAL,-3.006782156
RRWCFRVCYKGFCRYKCR,-0.719061497
FFRLLFHGVHHGGGYLNAA,-4.921110124
FFRLLFHGVHHVGKIKPRA,-4.824488173
KRFHSVGSLIQRLQQMIRDLSEATRHGIRKITRPKLLLAS,-5.010189393
GWKKWLRKGAKHLGQAAIK,-4
GWKKWLRKGAKHLGQAAIK,-1.878560144
GWKKWLRKGAKHLGQAAIK,-3
GWKKWLRKGAKHLGQAAIKGLAS,-1.675765438
GGLRSLGRKILRAWKKYGPQATPATRQ,-3
RFRPPIRRPPIRPPFRPPFRPPVR,-2.412807855
RFRPPIRRPPIRPPFRPPFRPPVR,-3.412807855
RRIPRPILLPWRPPRPIPRPQPQPIPRWL,-4.152247571
RRIPRPILLPWRPPRPIPRPQPQPIPRWL,-4.152247571
GLARIVVIRVAR,-6.563433197
RGARIVVIRVAR,-3.551426731
RRARIVVIRVAR,-2.450251982
RLWRIVVIRVAR,-2.380887533
RLARRVVIRVAR,-6.416036267
RLARIVVIRWAR,-2.407478379
RLARIVVIRVRR,-2.40937403
RLRRIVVIRVRR,-4.284253407
RWWKIWVIRWWR,-4.050957466
SIITGTKEAKLPQLWKQIACRLYNTC,-3.332280418
SIITMTKEAKLGQLWKQIACRLYNTC,-4.315867098
SIITMTKEAKLPQLGKQIACRLYNTC,-4.3591792
SIITMTKEAKLPQLWKQIACRLGNTC,-2.347854056
SIITGTKEAKLGQLGKQIACRLGNTC,-3.47222234
FRSGILKLASKIGSVLCAVLKNC,-3.368843181
AKAGGIPPHVIPQIVPVRIRPLCGNV,-3.210202319
AKAWGIGGHVIGQIVGVRIRGLCGNV,-4.248716595
AKAWGIPPHVIPQIVPVRIRPLGGNV,-3.166505254
AKAGGIGGHVIGQIVGVRIRGLGGNV,-4.348197809
GFGDSVKEGLKNAAVTILNKIKCKISECPPA,-1.951955814
GFWDSVKEGLKNAAVTILNKIKCKISECGGA,-2.930226353
GFGDSVKEGLKNAAVTILNKIKCKISECGGA,-2.988188377
FIGGLRRLFATVVGTVVCAINKLGGG,-2.255302924
FIPGLRRLFATVVPTVVGAINKLPPG,-1.205220091
FIGGLRRLFATVVGTVVGAINKLGGG,-1.292421922
GLLDSVKEGLKKVAGQLLDTLKCKISGCTGA,-1.990452169
GFFDRIKALTKNVTLELLNTITGKLPVTPP,-0.934237324
GFFDRIKALTKNVTLELLNTITCKLGVTGG,-1.955537053
GFFDRIKALTKNVTLELLNTITGKLGVTGG,-2.976318255
CVHWMTNTARTACIAP,-4.816760726
CVHGMTNTARTACIAP,-4.925812457
CVHWGTNTARTACIAP,-4.87835539
CVHWMTNTARTACIAG,-4.849719011
CVHGGTNTARTACIAG,-5.029626931
VKLKVYPLKVKLYP,-5.245394652
VKLKVYPLKVKLYP,-3.332857494
VKLKVYPLKVKLYP,-5.889250842
VKLKVYPLKVKLYP,-3.889250842
VKLKVYPLKVKLYP,-3.889250842
VKLKVYPLKVKLYP,-1.567322747
VKLKVYPLKVKLYP,-2.415319654
VKLKVYPLKVKLYP,-1.877662868
VKLKVYPLKVKLYP,-3.889250842
VKLKVYPLKVKLYP,-1.877662868
VKLKVYPLKVKLYP,-2.889250842
VKLKVYPLKVKLYP,-1.877662868
VKLKVYPLKVKLYP,-1.877662868
VKLKVYPLKVKLYP,-1.877662868
VKLKVYPLKVKLYP,-1.877662868
VKLKVYPLKVKLYP,-6.889250842
VKLKVYPLKVKLYP,-6.889250842
YPVKLKYPKVKL,-4.831710063
YPLKVKYPKLKV,-5.08324883
FPVKLKFPKVKL,-3.171478399
FPVGLGFPGVGL,-3.787866492
FPLGLGFPGLGL,-3.753348697
RAVAVIIRLRRV,-2.078259014
RRAAVVLIVIRR,-2.952728132
ILRRVRVRAVAI,-7.459080798
VIRRRRILAAVV,-6.580759354
VRLRIRVAVIRA,-3.078259014
VRFRIRVAVIRA,-2.044131753
VRWRIRVAVIRA,-3.005927209
VRLWIRVAVIRA,-5.106987651
VRLRIRVAVRRA,-2.035214483
VRLRIRVAVIRK,-1.021423608
VQLRIRVRVIRK,-1.966770839
VRLRIRVRVIRK,-0.940644722
KQFRIRVRVIRK,-1.908695092
KRFRIRVRVIRK,-2.883582008
KRWRIRVRVIRK,-1.849362342
VKRFKKFFRKLKKSV,-3.2700554
LGGIVSAVKKIVDFLG,-6.308483701
KKALLGHALHGLALLAGHLAHGLKKA,-4.64385619
FFKKLGHALHGLALLAGHLAHGLKKA,-4.64385619
KKALLGHPLHGLALLAGHLAHGLKKA,-5.64385619
AKKLGHALHGALLALGHLAHGLLAKK,-4.64385619
LKIAKGIIKSL,-6.401955006
LKIAKGIIKSL,-6.401955006
GLGSVFGRLARILGRVIPKV,-2
GLGSVFGRLARILGRVIPKV,-2
GLLSKFGRLARKLARVIPKV,-2
GLLSKFGRLARKLARVIPKV,-2
KVVFKVKFKKK,-2.181479236
KKKVVFKVKFK,-3.181479236
KKVVFKVKFKK,-2.181479236
KKVVFKVKFKK,-1.765672094
KKKVVFKVKFKK,-2.053143999
KKVVFKVKFKKK,-2.053143999
KKKVVFKVKFKKK,-0.937613413
VSRRRRRRGGRRRR,-1.321928095
GFKKLLKGAAKALVKTVLF,-2.584962501
GLLKPLLKIAAKVGSNLL,-4.64385619
HFLGKLVNLAKKIL,-6
GFLGTLVNLAKKIL,-4
SMLSVLKNLGKVGLGFVASKINKQS,-6.64385619
SMLAVLKNLGKVGLGFVACKINKQC,-6.64385619
SMLGVLKNLGKVGLGFVACKINKQC,-7.64385619
SMLSVLRNLGKVGLGFVACKINKQC,-7.64385619
SMLSVLKNLGRVGLGFVACKINKQC,-6.64385619
SMLSVLKNLKKVGLGFVACKINKQC,-7.64385619
SMLSVLKNLKKVKLKFVACKINKQC,-7.64385619
SMLSVLKNLEKVELEFVACKINKQC,-7.64385619
SMLKVLKNLGKVGLGFVACKINKQC,-5.321928095
SMLSVLKNLGKVGLGFVAAKIAKQA,-6.64385619
SMLSVLKNLGKVGLGFVA,-7.64385619
SMLSVLKKLGKVGLGFVACKINKQC,-4.321928095
SMLSVLKNLGKVGLGFVKCKINKQC,-4.321928095
SMLSVLKNLGKVGLGFVACKIKKQC,-4.321928095
SMLSVLKNLGKVGLGFVACKINKKC,-5.321928095
DAACAAHCLWR,-7.362413123
DAACAAKCLWR,-7.373088064
KAACAAHCLWR,-7.346958332
KAACAAKCLWR,-7.357530941
IPHAVKAISDLI,-7.64385619
GFMKYIGPLIPHKVKAISDLI,-7.64385619
GFMKYIGPLIPHAVKAISKLI,-5.64385619
GFMKYIGPLIPHAVKAIKKLI,-4.64385619
GFMKYIKPLIPHAVKAISKLI,-5.64385619
GFMKYIKPLIPHAVKAIKKLI,-4.64385619
GFMKYIGPLIPHAVKAISKLI,-6.64385619
GFMKYIKPLIPHAVKAISKLI,-5.64385619
GFMKYIKPLIPHAVKAIKKLI,-7.64385619
GFMKYIGPLIPHAVKAISKLI,-6.64385619
GFMKYIGPLIPHAVKAISKLI,-6.64385619
GFMKYIGPLIPHAVKAIKKLI,-4.64385619
GFMKYIGPLIPHAVKAIKKLI,-6.64385619
GFMKYIKPLIPHAVKAIKKLI,-4.64385619
GFMKYIKPLIPHAVKAIKKLI,-6.64385619
KWKLFKKIEKVGQGIGAVLKVLTTGL,-1.984992589
KLKLLLLLKLK,-5.597463356
VTCDILSVEAKGVKL,-5.98951231
DAACAAHCLFR,-6.409502028
NDAACAAHCLFRGRSGG,-5.874169069
RSGGYCNGKRVCVCR,-2.915317414
RSGGYCNGKRVCVCR,-3.915317414
YCNGKRVCVCR,-3.528822947
DAACAAHCLFR,-6.409502028
YKLLKLLLPKLKGLLFKL,-6.154488455
YKLLKLLLPKLKPLLFKL,-6.127741812
YKLLKLLLPKLKGLLIKL,-6.317250363
YKLLKLLLPKLKPLLIKL,-6.097424071
YKLLKLLLPKLKGLLPKL,-5.345349672
YKLLKLLLPKLKPLLPKL,-6.317968668
YKLLKKLLKKLKKLLKKL,-4.837126142
YKLLKWLLLKLKALLEKL,-6.255002156
KGRGKQGGKVRAKAKTR,0.86803875
KGRGKQGGKVRAKAK,0.648833548
KGRGKQGGKVRAKA,-6.47421174
GRGKQGGKVRAKAKTRSS,-6.096059363
AGRGKQGGKVRAKAKTRSS,-3.042278516
SGRGKQGGKVRAKAKTRSS,-4.030442409
RGRGKQGGKVRAKAKTRSS,1.019595176
DGRGKQGGKVRAKAKTRSS,-6.00995278
KRGKQGGKVRAKAKTRSS,-3.042241377
KLWKKWKKWLK,-5
KLWKKWKKWLK,-6.64385619
KLWKKWKKWLK,-5
RLWRRWRRWLR,-6
RLWRRWRRWLR,-5
ILRWPWWPWRRK,-6.168811851
ILRWPWWPWRRK,-6.64385619
LLKWLLKWLKK,-6.64385619
KLWKLWKKWLK,-6.64385619
RIIDLLWRVWRPQKPKFVTVWVR,-4.321928095
RIIDLLWRVRRPWKPKFVTVWVR,-3.906890596
RIIDLLWRVRRPQWPKFVTVWVR,-3.906890596
RIIDLLWRVRRPWWPKFVTVWVR,-3.321928095
RIIDLLWRVWRPWKPKFVTVWVR,-3.321928095
RIIDLLWRVWRPWWPKFVTVWVR,-1.906890596
GEKLKKIGQKIKNFFQKL,-5.64385619
GKKLKKIGQKIKNFFQKL,-2.64385619
GEKLKKIGKKIKNFFQKL,-4.64385619
GEKLKKIGQKIKKFFQKL,-5.64385619
GEKLKKIGQKIKNFFKKL,-4.64385619
VRRFGWWWGFLRR,-4.135150244
VRRFAWWWAFLRR,-4.113098732
VRRFPFFFPFLRR,-3.164746915
VRRFPAAAPFLRR,-5.362269206
GILDTLKQFAKGVGKDLVKGAAQGVLSTVS,-5.058648452
GILDTLKQFAKGVGKDLVKGAAQGVLSTV,-5.101137542
GILDTLKQFAKGVGKDLVKGAAQGVLST,-5.151080064
GILDTLKQFAKGVGKDLVKGAAQGVLS,-5.203860792
GILDTLKQFAKGVGKDLVKGAAQGVL,-5.250923348
GILDTLKQFAKGVGKDLVKGAAQGV,-5.314468482
GILDTLKQFAKGVGKDLVKGAAQG,-5.372532116
YGRKKRRQRRRD,-4.584962501
FFRRFFRRFFRR,-6.088283449
AARRAARRAARR,-8.500478446
LLRRLLRRLLRR,-8.258179984
LLKKLLKKLLKK,-6.414863925
FFRRFFRRFFRRFFRR,-4.354665033
LLRRLLRRLLRRLLRR,-4.524978223
LLKKLLKKLLKKLLKK,-4.682099525
RQKDKRPYSERKNQYTGPQFLYPPERIPP,-1.741364499
KKLLKWLLKLL,-6.64385619
GMWSKILGHLIR,-2.584962501
GMWSKILKHLIR,-1.887525271
GMWKKILGHLIR,-2.906890596
GKWSKILGHLIR,-2.887525271
GMWKKILGKLIR,-3.169925001
GKWKKILGHLIR,-2.40599236
GMWSKLLGHLLR,-2.321928095
GKWMKLLKHILK,-2.169925001
GKWWSLLKHILK,-2.40599236
GKGMSLLKHILK,-2.584962501
GKWMSFLKHILK,-2.765534746
GKWMTLLKHILK,-2.807354922
GKWLSLLKHILK,-3.121015401
NLWAGILKHIIK,-3.432959407
KNWGAILKHIIK,-3.292781749
LKWGAILKHIIK,-2.350497247
LNKGAILKHIIK,-6.64385619
LNWKAILKHIIK,-2
LNWGKILKHIIK,-2.867896464
LNWGAKLKHIIK,-5.64385619
LNWGAIKKHIIK,-6.22881869
LNWGAILKKIIK,-2.584962501
LNWGAILKHKIK,-6.64385619
LNWGAILKHIKK,-3.498250868
KNWGKILKHIIK,-2.944858446
KNWKAILKHIIK,-3
LNWGAVLKHVVK,-4.986410935
LNWGAGLKHGGK,-6.64385619
LNWGAALKHAAK,-6.64385619
LNWGAFLKHFFK,-2.847996907
LNWGAGLKHGGK,-6.64385619
LNWGALLKHLLK,-2.744161096
LNWGAGLKHGGK,-2.321928095
LNWGAGLKHGGK,-2.584962501
LNWGAWLKHWWK,-3.827819025
LDVKKIIGVAGKIKPNPAGKKIGPK,-6.64385619
LDVKKIIGVAGKIRPNPAGKKIGPK,-6.64385619
VNWKKILGKIIKVVK,-5
GFGMALKLLKKVL,-2.321928095
AFGMALKLLKKVL,-3.321928095
LFGMALKLLKKVL,-3.321928095
GFGMALKLLKKVL,-3
GFKMALKLLKKVL,-2.10433666
GFGMALKLLKKVL,-5.64385619
GFGMALKLLKKVL,-2.655351829
GFGMALGLLGGVL,-3.64385619
KNWKKGLGKGIKGVK,-3.169925001
GLFSKFAGKGIKNFLNKGVKHIGKE,0.37174736
QVFTLIKGATQLIRKTLGEQ,-1.834145931
FLFSLIPKAIGGLISAFK,-2.321928095
RCVCRRGVCRCVCTRGFC,-2.700439718
KSKEKIGKEFKRIVQRIKDFLRNLVPRTES,-1
VRLEFKLQQTSCRKRDWKKP,-1.307108076
QGSPARCRFCCRCCPRMRGCGICCRF,-5.584962501
RRGFWKRLRRRLRRFGDRIRNRFRNFREKLPDPFPG,-2.689299161
GVVTDLLKTAGKLLGNLVGSLSG,-7.22881869
GVVTDLLKTAGKLLGNLFGSLSG,-5.64385619
GLVTGLLKTAGKLLGDLFGSLSG,-5.64385619
PEEMNKYLTALRHYINLVTRQRY,-2.366689697
GFIFHIIKGLFHAGKMIHGLV,-3.420507785
WRSLGRTLLRLSHALKPLARRSGW,-1.632268215
WRSLGRTLLRLSHALKPLARRSGW,-2.655351829
DSHEERRQGRHGHHEYGRKFHEKH,-5
DSHEKRHHEHRRKFHEKHHSHRGY,-3
FKKALHLFKPIKKFLKWK,-5.64385619
KFLHLAKKFPKWKLFKKI,-3.64385619
GLWNSIKIAGKKLFVNVLDKIRCKVAGGC,-6.64385619
GLWDSIKIAGKKLFVNVLDKIRCKVAGGC,-6.64385619
GLWNSIKIAGKNLFVNVLDKIRCKVAGGC,-6.64385619
GLWNSIKIAGKKLFVNVLDKIRSKVAGGS,-6.64385619
GKKLFVNVLDKIRCKVAGGC,-6.64385619
VKRFKKFFRKLKKSV,-5.045089035
VKRFKKFFRKLKKSV,-3.273907725
VKRFKKFFRKLKKSVK,-4.952712901
VKRFKKFFRKLKKSVKKL,-4.793375529
LVKRFKKFFRKLKKSV,-5.96323646
LVKRFKKFFRKLKKSVK,-3.875810847
LVKRFKKFFRKLKKSVKK,-4.793375529
VKRFKKFFRKLKKS,-6.120819659
ILKKLLSTAAGLLSNL,-5
ILGKLLKTAAGLLSNL,-7
ILGKLLSTAAKLLSNL,-4
ILGKLLSTAAGLLKNL,-5
ILGKLLSTAAGLLSKL,-7
ILGKLLKTAAKLLSNL,-3
ILGKLLKTAAGLLSNL,-6
ILGKLLSTAAKLLSNL,-4
ILGKLLKTAAKLLSNL,-3
LVKRFKKFFRKLKKS,-5.034684841
KLVKRFKKFFRKLKKS,-4.942958766
GLKKIFKAGLGSLVKGIAAHVAS,-4.321928095
GLKKIFKAGLGSLVKGIAAHVAS,-4.321928095
GLKKIFKKGLGSLVKGIAAHVAS,-3.321928095
GLKKIFKKGLGSLVKGIAAHVAS,-4.321928095
GLKKIFKAGLGSLKKGIAAHVAS,-5.321928095
GLKKIFKAGLGSLKKGIAAHVAS,-7.64385619
GLKKIFKAGLGSLVKGIKAHVAS,-4.321928095
GLKKIFKAGLGSLVKGIKAHVAS,-5.321928095
FLPILASLAAKFGPKLFSLVTKKS,-5.321928095
FLPILASLAAKFGPKLFSLVTKKS,-4.64385619
FLPILASLAAKFGPKLFGLVTKKG,-1.584962501
IKLSKETKDNLKKVLKGAIKGAIAVAKMV,-5.64385619
IKLSPKTKDNLKKVLKGAIKGAIAVAKMV,-6.64385619
IKLSPETKKNLKKVLKGAIKGAIAVAKMV,-5.64385619
IKLSKKTKDNLKKVLKGAIKGAIAVAKMV,-6.64385619
IKLSKETKKNLKKVLKGAIKGAIAVAKMV,-5.64385619
IKLSPKTKKNLKKVLKGAIKGAIAVAKMV,-5.64385619
IKLSPKTKDNLKKVLKGAIKGAIAVAKMV,-6.64385619
IKLSPETKKNLKKVLKGAIKGAIAVAKMV,-6.64385619
GLPRKILAAIAKKKGKAKGPLKLVAKA,-6.64385619
GLPRKILCAIAKKKGKAKGPLKLVCKA,-6.129283017
GLPRKILAAIAKKKGKCKGPLKLVAKC,-5.64385619
LCAIAKKKGKCKGPLKLVCKC,-6.64385619
AKKKGKCKGPLKLVAKC,-6.64385619
GLPRKILAAIAKKK,-6.64385619
CRRLCYKQRCVTYC,-2.941106311
QCRRLCYKQRCVTYCRGR,-1.941106311
GGRRLCYKQRCVTYGRGR,-2.941106311
QGRRLCYKQRCVTYGRGR,-2.941106311
GTRRLTYKPRTVTYTRGR,-3.941106311
QTRRLTYKPRTVTYTRGR,-3.941106311
KWLRRVWRWWR,-6.64385619
LLIILRRRIRKQAHAHSK,-3.321928095
LLQWLSKLLGRLL,-2.584962501
LLQWLSKLLGRWL,-3.584962501
FVQWFSKFLLRIL,-5.584962501
FVPWFSKFLGRIL,-2.584962501
FLPWFSKFLGRIL,-3.584962501
FVPWFSKFLPRIL,-3.584962501
FVPWFSKFLPRIL,-4.584962501
FVQWFSKFLGKIL,-3.584962501
FVQWFSKFLGGIL,-2.584962501
FVQWFSRFLGRIL,-3.584962501
FVRWFSKFLGRIL,-3.584962501
FVRWFSRFLGRIL,-4.584962501
FVPWFSKFLGGIL,-2.584962501
FVQWFSKFLGRIL,-2.584962501
LIRGLFKSFWQVF,-3.584962501
RAGLQWPIGRLLRRLLRRLLR,0.385281928
RVVRQWPIGRVVRRVVRRVVR,1.401209938
KLLKQWPIGKLLKKLLKKLLK,1.338766684
KVVKQWPIGKVVKKVVKKVVK,1.273295067
ALPLIGRVLSGIL,-5.321928095
FAPLIGRVLSGIL,-3.321928095
FLALIGRVLSGIL,-0.321928095
FLPAIGRVLSGIL,-3.321928095
FLPLAGRVLSGIL,-4.321928095
FLPLIARVLSGIL,-1.321928095
FLPLIGAVLSGIL,-5.321928095
FLPLIGRALSGIL,-3.321928095
FLPLIGRVASGIL,-5.321928095
FLPLIGRVLAGIL,-1.321928095
FLPLIGRVLSAIL,-1.321928095
FLPLIGRVLSGAL,-4.321928095
FLPLIGRVLSGIA,-5.321928095
GFFKKAWRKVKHAGRRVLDTAKGVGRHYVNNWLNRYR,-5.834830899
GWFKKAWRKVKNAGRRVLKGVGIHYGVGLI,-6.236975179
SFFKKAAHVGKHVGKAALTHYL,-3.906890596
KKAAHVGKHVGKAALTHYL,-5.321928095
GWGSFFKKAAHVGKHVGKAALT,-3.321928095
GWGSFFKKAAHVGKHVGKA,-5.321928095
RCYCRRRFCVCVGR,-4.143906738
RGGRLCYCRRRFCVCR,-2.348003541
RCYCRRRFCVCR,-2.640280669
RCYARRRFAVCR,-2.754586629
RAYCRRRFCVAR,-4.240013456
LCYTRPRFTVCV,-4.285036004
ILPWKWPWWPARR,3.321928095
ILPWKWPWAPARR,3.321928095
KLKKLLKKWLKLLKKLLK,-3.584962501
KLKKLLKKWLKLLKKLLK,-3.584962501
MGLPVTGVEELVELVSSDDPVADHQELPVELGERLFNIRKKRAPAKCTPYCYPTRDGVFCGVRCDFQHHHHHH,-6.584962501
GFKKLLKGAAKALVKTVLF,-2.584962501
KWCFCVCYRGICYCRCRG,-4.10433666
KWCFCVCYRGICRCRCRG,-4.916476644
KWCRCVCRRGICYCRCRG,-3.485426827
KWCRCVCRRGICRCRCRG,-2.350497247
KWCRCVCRRGICRCRCRK,-2.378511623
GFKDLLKKAAKALVKTVLF,-2.584962501
GFKDLLKGAKKALVKTVLF,-4.64385619
GFKDLLKGAAKALKKTVLF,-3.584962501
GFKDLLKGAAKALVKTVKF,-3.584962501
GFKDLLKKAAKALVKTVLF,-2.584962501
GFKDLLKGAKKALVKTVLF,-5.64385619
GFKDLLKGAAKALKKTVLF,-4.64385619
GFKDLLKGAAKALVKTVKF,-3.584962501
GFKDLLKGAAKALVKAVLF,-2.584962501
KLLGPLLKIAAKVGSNLL,-5.64385619
GLLGKLLKIAAKVGSNLL,-2.584962501
GLLGPLLKIAKKVGSNLL,-4.64385619
GLLGPLLKIAAKVGKNLL,-4.64385619
GLLGPLLKIAAKVGKKLL,-2.584962501
GLLGPLLKIAAKVGSKLL,-3.64385619
GLLGKLLKIAAKVGKKLL,-1.584962501
GLLKKLLKIAAKVGKKLL,-1.584962501
RWRSFFKKAAHRGKHVGKRARTHYL,-1.906890596
SWSSFFKKAAHSGKHVGKSASTHYL,-3.321928095
DAACAAKCLWR,-7.373088064
KAACAAHCLWR,-7.346958332
KAACAAKCLWR,-7.357530941
KVFKRLEKLFSKIQNDK,-7.64385619
FKRLEKLFSKIQNDK,-7.64385619
RLEKLFSKIQNDK,-7.64385619
AKKVFKRLEKLFSKIQN,-7.64385619
AKKVFKRLEKLFSKI,-7.64385619
AKKVFKRLEKLFS,-7.64385619
KVFKRLEKLFSKI,-7.64385619
KVFKRLEKLFS,-7.64385619
WKKVFKRLEKLFSKIWNWK,-4.64385619
FKRLEKLFSKIWNWK,-6.64385619
FKRLKKLFSKIWNWK,-5.64385619
FKRLEKLFKKIWNWK,-5.64385619
FKRLKKLFKKIWNWK,-3.64385619
FKRLKKLFKKIWNWK,-5
AKKVFKRLRKLFKKI,-6.64385619
HKLGTLVNLAKKIL,-7
HFKGTLVNLAKKIL,-7
HFLKTLVNLAKKIL,-4
HFLGKLVNLAKKIL,-5
HFLGTLKNLAKKIL,-6
HFLGTKVNLAKKIL,-7
HFLGTLVKLAKKIL,-4
HFLGTLVKLAKKIL,-5
HFLGTLVNKAKKIL,-7
HFLGTLVNLKKKIL,-7
HFLGTLVNLAKKKL,-7
HFLGTLVNLAKKIK,-7
HFLKTLVNLAKKIL,-5
HFLGTLKNLAKKIL,-7
HFLGTLVNLAKKIL,-7
HFLGTLVNLAKKIL,-7
HFLGTLVNGAKKIL,-6
HFLGTLVNLAKKGL,-4
HFLGTLVNGAKKGL,-4
KKLFKKIKKFL,-5.138066862
KKLFKKALKFL,-6.197282337
KKLFKKGLKFL,-6.212211837
GKLFKKILKFL,-4.228357102
GKLFKKILKIL,-1.25404516
KKLIKKILKIL,-1.213430617
KKLIKKILKIL,-1.64385619
KKLIKKILKIL,-2.64385619
KKLIKKILKIL,-1.64385619
KKLIKKILKIL,-2.64385619
KKLIKKILKIL,-1.64385619
KKLIKKILKIL,-1.64385619
KKLIKKILKIL,-3.64385619
VKLLVYPLKVKLYP,-5.750140199
VKLLVYPLKVKLYP,-4.580215197
VKLFVYPLKVKLYP,-5.721083239
VKLFVYPLKVKLYP,-1.814192643
VKLYVYPLKVKLYP,-5.215764061
VKLYVYPLKVKLYP,-0.537692156
GRLRNLIEKAGQNIRGKIQGIGRRIKDILKNLQPRPQV,-0.580369841
GRLRNLIEKAGQNIRGKIQGIGRRIKDILKNLQPRPQV,-0.580369841
VKLNVYPLKVKLYP,-5.257476323
VKLNVYPLKVKLYP,-3.257476323
VKLGVYPLKVKLYP,-5.892490665
AKKVFKRLGIGAVLKVLTTG,-3.64385619
AKKVFKRLGIGAVLWVLTTG,-5.64385619
AKKVFKRLGIGAVLKVLTWG,-5.64385619
AKKVFKRLGIGAVLWVLTWG,-5.64385619
AWKVFKRLGIGAVLWVLTWG,-5.64385619
AKKVFKRLGIGAVLKVLKKG,-2.64385619
DAEFRHDSGYEVHHQKLVFFAEDVGSNKGAIIGLMVGGVVIA,2.532563127
DAEFRHDSGYEVHHQKLVFFAEDVGSNKGAIIGLMVGGVV,2.472434448
KWKLFKKIGIGKFLHSAKKF,-3.64385619
DAEFRHDSGYEVRHQKLVFFAEDVGSNKGAIIGLMVGGVVIA,2.538640032
AIVVGGVMLGIIAGKNSGVDEAFFVLKQHHVEYGSDHRFEAD,-2.469747034
KWKLFKKILKFLHLAKKF,-4.64385619
WKLFKKIPKFLHLAKKF,-5.64385619
KWFKKIPKFLHLAKKF,-5.64385619
WFKKIPKFLHLAKKF,-6.64385619
KWKKLLKKPLLKKLLKKL,-3.64385619
WKKIPKFLHLAKKF,-7.64385619
KWKLKPLLKKLLKKL,-3.64385619
KWKLFKKIPKFLHLAKK,-4.64385619
KWKKLLKKPLKLKL,-3.64385619
KWKLFKKIPKFLHLAK,-5.64385619
KPLLKKLLKKL,-4.64385619
KWKLFKKIPKFLHLA,-5.64385619
KWKLFKKIPKFLHL,-6.64385619
KLLKKPLKLKL,-4.64385619
KWKLFKKIPKFLH,-6.64385619
KWKKLLKKPLLKK,-4.64385619
RRWCFRVCYRGRFCYRKCR,0.386347444
RRWCFRVCYKGRCRYKCR,-2.713722072
RGLRRLGRKIAHGVKKYGATVLRIIRIA,-4
RGLRRLGRKIAHGVKKY,-4
RKLRRLKRKIAHKVKKY,-3
RRIRPRPPRLPRPRP,-4.847996907
LKLKLFPLKLKLFP,-0.86906063
LKLKLYPLKLKLYP,-1.209845201
VKLKVFPLKVKLFP,-0.905288814
AKLKAYPLKAKLYP,-4.963063764
VKAKVYPAKVKAYP,-7.001450349
AKAKAYPAKAKAYP,-7.08140127
VKLKYPKVKLYP,-6.43939264
GFLSILKKVLPKVGAHGK,-3.906890596
GFLSILKKVLPKGGAHGK,-4.906890596
GFLSGLKKGLPKVGAHGK,-6.64385619
GFLSGLKKGLPKGGAHGK,-6.64385619
GFGSILKKVGPKVGAHGK,-6.64385619
GFGSILKKVGPKVGAHGK,-6.64385619
GFLSGLKKGLGKGGAHGK,-6.64385619
GFLSGLKKGLAKGGAHGK,-6.64385619
VNWKKGLGKGIKVVK,-6.64385619
VNWKKILGKGIKVGK,-6.64385619
VGWKKGLGKIIKVVK,-6.543805176
VNGKKIGGKGIKVGK,-6.64385619
VNGKKILGKGIKVVK,-6.64385619
VNGKKILGKGIKVVK,-6.64385619
VNGKKIGPKGIKVGK,-6.64385619
WLRRIGKGVKIIGGAALDHL,-4.880557496
FSEAIKKIIDFLGEGLFDIIKKIAESF,-7
KRAKKFFKKLK,-6.64385619
KQSHKKGGHSFPKEKIS,-5.701090232
KQSHKKGGHSFPKEKIS,-5.379162137
KMDSRWRWKSSKK,-5.859737535
KMDSRWRWKSSKK,-5.53780944
KGIVGMLGKLF,-3.584962501
AGYLLGKINLKALAALAKKIL,-2
FVPWFSKFLGRIL,-2.584962501
FVPWFSKFLGRIL,-2.584962501
FVPWFSKFLGRIL,-1.64385619
FVPWFSKFLGRIL,-2.584962501
FVPWFSKFLGRIL,-2.584962501
FVPWFSKFLGRIL,-2.584962501
ALWKNMLKGIGKLAGKAALG,-2
ALWKNMLKGIGKLAGK,-3
ALWKNMLKGIGKLAG,-4.321928095
ALWKNMLKGIGK,-5.321928095
AVVKVPLKKFKSIRE,-5.843790836
AVVKVPLKKFKSIRETMKEKGLLEDF,-5.042787275
AKRLKKLAKKIWNWK,-4
FKRLKKLFKKIWNWK,-3
AKRLKKLAKKIWKWK,-3
CVYAYVRVRGVLVRYRRCW,-5.169925001
RWCVYAYVRVAGVLVRYRRCW,-4.169925001
RLYRRLYRRLYRRLYR,-0.925999419
GSRRLSYKQRSVTYSRGR,-1.941106311
GSRRLCYKQRCVTYSRGR,0.058893689
GCRRLSYKQRSVTYCRGR,0.058893689
RLYRRLYRRLYRRLYRRLYRRLYRRLYRRLYR,-8.965784285
GDRRLSYKQRSVTYGRGR,-1.941106311
GSRRLDYKQRGVTYSRGR,-1.941106311
GCRRLEYKQRKVTYCRGR,-0.941106311
GCRRLDYKQRGVTYCRGR,0.058893689
GCRRLDYKQRGVTYCRGR,-0.941106311
GERRLCYKQRCVTYKRGR,0.058893689
GDRRLCYKQRCVTYGRGR,0.058893689
GDRRLCYKQRCVTYGRGR,0.058893689
KLLLKLLLKLLK,-2.134311145
FLPLLAGLAANFLPKIFGKITRKG,-1.273580293
LLAGLAANFLPKIFCKITRKC,-1.429774915
LLAGLAANFLPKIFCKITRKC,-1.429774915
GLAANFLPKIFCKITRKC,-3.627687954
GLAANFLPKIFCKITRKC,-3.627687954
ANFLPKIFCKITRKC,-4.810966176
PIPRPLPFPRPGPRPIPRPLPFPRPGPRPIPRP,-0.526068812
PLPFPRPGPRPIPRPLPFPRPGPRPIPRP,1
PLPFPRPGPRPIPRP,-4.930737338
RRIRPRPPRLPRPRPRPLPFPRPG,-0.163498732
RRIRPRPPRLPRPRPRP,-0.070389328
PRPPRLPRPRPRPLPFPRPG,-4.137503524
PPRLPRPRPRPLPFPRPG,-8.965784285
RLPRPRPRPLPFPRPG,-8.965784285
PRPRPRPLPFPRPG,-8.965784285
PRPRPLPFPRPG,-8.965784285
GIINTLQKYYARVRGGRAAVLSALPKEEQIGKASTRGRKCARRKK,-9.6438937
VKLKYPVKLYP,-6.570560785
VKLYPKVKLYP,-5.570560785
VKKYPKVKLYP,-7.554559322
VKLKYPLKVKLYP,-4.332752748
VKLVYPLKVKLYP,-4.359379072
VKKVYPLKVKLYP,-3.345546128
VKLKVKYPKLKVKLYP,-5.041328046
VKLKVYPKLKVKLYP,-4.139752273
VKLKKYPKLKVKLYP,-5.116856251
VKLVKYPKLKVKLYP,-5.139752273
GGVSCLRNGGFCIPIRCPGHTRQIGTCFGPRVKCCRKW,-1
GGVSCLRNGGFCIPIRCPGHTRQIGTCFGPRVKSCRKW,-2
GFCIPIRCPGHTRQIGTCFGPRVKSCRKW,0
RCPGHTRQIGTSFGPRVKSCRKW,-3
RCPGHTRQIGTSFGPRVKSCRKW,-5
KWGWKGVKGVK,-6.287620044
KWGWKGVKGVK,-5.965784285
KWGWKGVKGVK,-5.965784285
KWGWKGVKGVK,-5.965784285
KWGWKGVKGVK,-5.965784285
KWGWKGWKGVK,-5.287620044
KWGWKGWKGVK,-3.965322548
KWGWKGWKGVK,-3.965322548
KWGWKGWKGVK,-3.965322548
KWGWKGWKGVK,-3.965322548
KWGWKGVKGAK,-4.965784285
KWGWKGVKGAK,-5.965784285
KWGWKGVKGAK,-5.965784285
KWGWKGVKGAK,-5.965784285
KWGWKGVKGAK,-5.965784285
KAGWKGVKGAK,-2.965322548
KAGWKGVKGAK,-4.965784285
KAGWKGVKGAK,-4.965784285
KAGWKGVKGAK,-4.965784285
KAGWKGVKGAK,-4.965784285
KWGWKGAKGAK,-1.967168608
KWGWKGAKGAK,-3.965322548
KWGWKGAKGAK,-3.965322548
KWGWKGAKGAK,-3.965322548
KWGWKGAKGAK,-3.965322548
WKLLSKAQEKFGKNKSRFKCRRWQWRMKKLG,-5.321833196
RGGLCYCRGRFCVCVGR,-2.392652167
RGGLCYCRGRFCVCVGR,-0.070724072
RGGLCYCRGRFCVCVGR,-0.070724072
RGGLCYCRGRFCVCVGR,-1.070724072
RRLFRRILRWL,-6.64385619
RWKIFKKIEKMGGSYCNRRTGKCQRM,-5.64385619
GRFRRLRKKTRKRLKKIGKVLKWIPPIVGSIPLG,-3
GRFRRLRKKTRKRLKKIGKV,-6
DDALKKLLKKLLKKL,-1.632268215
DDALHHLLHHLLHHL,-6.64385619
DDALRRLLRRLLRRL,-1.632268215
DDALKHLLKHLLKHL,-3.64385619
DDALRHLLRHLLRHL,-3.64385619
GLKALKKVFQGIHKAIKLINNHVQ,-6.321928095
GLKALKKVFKGIHKAIKLINNHVQ,-6.321928095
GLKALKKVFKGIHKAIKLINNHVQ,-6.321928095
GLKALKKVFKGIHKAIKLINKHVQ,-6.321928095
LKKLLKKLLKKL,-5.64385619
LKKLLKKLLKKL,-4.64385619
LKKLLKKLLKKL,-1.641546029
LKKLLKKLLKKL,-0.641546029
LKKLLKKLLKKL,-0.641546029
KIFGAIWPLALGALKNLIK,-3
GCKFTVKPYLKRFQVYYKGRMWCG,-3.321928095
GCTYNVKPDIQGFELYFIGSVTCG,-3.321928095
GCRFTVKPYIKRIQLHYKGKMWCG,-3.321928095
GSRRLSYKQRSVTYSRGR,-3.35614381
GCRRLCYKQRCVTYCRGR,-1.35614381
GCRRLCWKQRCVTYCRGR,-0.35614381
GSRRLSWKQRSVTYSRGR,-3.35614381
GCRRLCYKWRCVTYCRGR,-0.35614381
GSRRLSYKWRSVTYSRGR,-3.35614381
GGYKGPYTRPILRPYVRPVSYNA,-5.64385619
HSSGYTRPLRKPSRPIFIRPIG,-4.22881869
ILRWKWRWWRWRR,-2.510961919
ILPWKWRWWKWRR,-1.5360529
FIKWKFRWWKWRK,-1.584962501
HQFRFRFRVRRK,-3
RRWKIVVIRWRR,-3.472487771
RLWRIVVIRVKR,-2.827819025
RLRRIVVIRVFR,-4
VRLRIRVRVIRK,-3
RVVRQWPIGRVVRRVVRRVVRL,0.461732848
RVVRQWPIGRVVRRVVRRVVRF,2.479437533
RVVRQWPIGRVVRRVVRRVVRY,-0.51230786
RGVRPVVQGVKEKVR,-5.229340071
RVVRPVVQGVKEKVR,-5.194187525
RVVRPVVQGVKQKVR,-5.194996525
RVVRPVVQVVKEKVR,-5.159871168
RVVRPVVQVVKQKVR,-5.160661147
RIIRPIIQIIKQKIR,-3.083584504
RLLRPLLQLLKQKLR,-4
IKKILSKIKKLLK,-4.33386924
RAGLQFPVGKLLKKLLKRLKR,0.299912797
LVKKLLKLAMGFG,-4.64385619
LVKKLLKLAMGFG,-4.64385619
GFGMALKLGKKVL,-2.510961919
GFGMALKGLKKVL,-2.655351829
GFGMAGKLLKKVL,-2.40599236
GFGKALKLLKKVL,-2.321928095
GFGMALKLLKKVL,-5.64385619
GFGMALKLLKKVL,-6.64385619
GFGMALKLLKKVL,-4.716990894
GFGMALKLLKKVL,-3.217230716
GFGMALKLLKKVL,-3.733354341
GFGMALKLLKKVL,-3.169925001
GFGMALKLLKKVL,-3.64385619
GFKMALKLLKKVL,-3.121015401
AFGMALKLLKKVL,-3
AFKMALKLLKKVL,-2.321928095
AFKMALKLLKKVL,-2.321928095
GFCWNVCVYRNGVRVCHRRCN,-2.65461498
AKKVFKRLEKLFSKIQNDK,-7.64385619
AKKVFKRLEKLFSKIQNDK,-4.64385619
AKKVFKRLEKLFSKIQNWK,-6.64385619
AKKVFKRLEKLFSKIQNWK,-3.64385619
AKKVFKRLEKLFSKIWNDK,-6.64385619
AKKVFKRLEKLFSKIWNDK,-3.64385619
AKKVFKRLEKLFSKIWNWK,-4.64385619
AKKVFKRLEKLFSKIWNWK,-2.64385619
AKKVFKRLEKSFSKIQNDK,-7.64385619
AKKVFKRLEKSFSKIQNDK,-6.22881869
AKKVSKRLEKLFSKIQNDK,-7.64385619
AKKVSKRLEKLFSKIQNDK,-6.64385619
KLKKKLKKLLKK,-8.38559055
KLKKLLKKLLKK,-6.400148118
KLKKLLKKLLKL,-5.426359563
LLKKLLKKLLKL,-5.441217074
LLKKLLKLLLKL,-6.444743601
KWKLWKKIEKWGQGIGAVLKWLTTWL,0.243709697
FLAKAVAKAAAKALAKAL,-6.357552005
KAGLAFPVGRVHRLLRK,-7.055282436
WCRRLCYKQRCVTYCRGR,0.64385619
GWLDVAKKIGKAAFNVAKNFI,-4
GLARALTRLLRQLTRQLTRA,-3
GWLDVAKKIGKAAFNVAKNFI,-4.95419631
GWLDVAKKKGKAAFNVAKNFI,-4
KFFKKLKNSVKKRAKKFFKKPRVIGVSIPF,-5.7980691
KFFKKLKNSVKKRAKKFFKKPRVIGVSIPF,-5.7980691
KFFKKLKKAVKKGFKKFAKV,-6.381970386
KFFKKLKKAVKKGFKKFAKV,-6.381970386
KVFKRLEKLFSKI,-4.64385619
KWFKRLEKLFSKI,-4.22881869
GGFKKTFHKVSHAVKSGIHAGQRGCSALGF,-2.655351829
DLRGACAAAHAL,-6.64385619
SRSELIVHQRRC,-5.431753818
SRSELIVHQRRC,-6.431753818
SRSELIVHQRMK,-4.431714898
SRSELIVHQRMK,-4.431714898
SRSELIVHQRLF,-2.752709235
SRSELIVHQRLF,-2.752709235
SRSELIVHQRLF,-2.752709235
GSRRLSYKPRSVTYSRGR,-3.35614381
GSRRLSYKPRSVTYSRGR,-1.35614381
GTRRLTYKPRTVTYTRGR,0.64385619
GTRRLTYPQRTVTYTRGR,-0.35614381
GTRRLTYKPRTVTYTRGR,-1.35614381
RLTYKPRTVTYTRGR,0.64385619
KFFARLLASVRAAVKKFRKKPRLIGLSTLL,-2.451337954
AFFARLLASVRAAVKAFAKKPRLIGLSTLL,-4.537744653
LKKLKGRVSRSFLFFVKLRPAKRTLKKRIL,-5.784852736
FLKGIVGMLGKLF,-2.584962501
KWKKPLLKKLLKKL,-3.64385619
LPFFLLSLIPSAISAIKKI,-2.64385619
FFLLSLIPSAISAIKKI,-2.64385619
FWGFLGKLAMKAVPSLIGGNKSSSK,-3.64385619
FWGFLGKLAMKAVPSLIGGNKK,-1.64385619
KWKLFKKIGIGKFL,-3.64385619
KKKKWKLFKKIGIGKFL,-3.64385619
KWKLFKKIGIGKFLKKK,-3.64385619
KWKKKKKKPKFL,-4.64385619
WFWKWWRRRRR,-6.64385619
VKRFKKFFRKFKKSV,-2.249577251
VKRWKKWWRKLKKSV,-2.190049421
VKRWKKFWRKWKKWW,-0.040134752
VKRWKKWRWKWKKWV,1.916806958
VKRWKKWRWKWKKWV,-1.073994105
VKRWKKWRWKWKKWV,0.67016699
VKRWKKWRWKWKKWV,-0.49056884
VKRWKKWRWKWKKWV,-0.324671305
VKWRWKKWRWKWKWKV,-5.372448443
VKWRWKWKWRWKWKWKV,-5.26525024
VDRGWGNGCGLFGKGG,-6.64385619
VARGWGNGCGLFGKGG,-6.64385619
VARGWKRKCPLFGKGG,-1
AKRLKKLFKKIWNWK,-3
FKRLKKLAKKIWNWK,-3
AKRLKKLAKKIWKWL,-4
WLNALLHHGYKRKFH,-4.059457352
WLNALLHHGYKRKFH,-4.059457352
WLNALLHHGYKRKFH,-4.059457352
WLNALLHHGYKRKFH,-4.059457352
ALLHHGYKRKFH,-2.994451498
ALLHHGYKRKFH,-4.409488998
ALLHHGYKRKFH,-3.994451498
ALLHHGYKRKFH,-4.409488998
AKRHHGLNCAKGVLA,-3.930636954
AKRHHGLNCAKGVLA,-2.930636954
AKRHHGLNCAKGVLA,-3.930636954
AKRHHGLNCAKGVLA,-2.930636954
AKRHHGLNCAKFH,0.016990683
AKRHHGLNCAKFH,0.016990683
AKRHHGLNCAKFH,0.016990683
AKRHHGLNCAKFH,-2.983009317
WLNAKRHHGYKRKFH,-1.601438021
WLNAKRHHGYKRKFH,-2.601438021
WLNAKRHHGYKRKFH,-1.601438021
WLNAKRHHGYKRKFH,-4.01647552
GWWRRTVDKVRNAGRKVAGFASKACGALGH,-6.64385619
WGHKLRSSWNKVKHAVKKGAGYASGACRVLGH,-5.64385619
GIMSSLMKKLKAHIAK,-4.523561956
GIMSSLMKKLAKHIAK,-3.807354922
GIMSSLMKKLAAHIKK,-2.321928095
GIMSSLMKKLKKHIAK,-3.584962501
GIMISLMKKLAAHIAK,-3.584962501
GIMSSLMKKLAAIIAK,-3.070389328
GIMSSLMKKLAKIIAK,-3.459431619
GIMSSLMKKLKKIIAK,-2.378511623
GIMSSLMKKLKKIIAK,-3
GIMSSLMKKLAKIIKK,-2.925999419
GIMSSLMKKLKKIIKK,-2.655351829
GILSSLLKKLKKIIAK,-3.321928095
GILSSLLKKLKKIIAK,-3.169925001
GIGSSLGKKLKKIIAK,-3.321928095
GILKSLLKKLKKIIAK,-4.584962501
GILSKLLKKLKKIIAK,-5.491853096
KILSSLLKKLKKIIAK,-4.64385619
GIWSSLLKKLKKIIAK,-4
GILSSWLKKLKKIIAK,-4.087462841
GILSSLWKKLKKIIAK,-3.459431619
GILSSLWKKLKKIIAK,-3
GKLSSLWKKLKKIIAK,-5.087462841
GILSSLLKKWKKIIAK,-3.459431619
GILSSLLKKLKKWIAK,-4
GILSSLWKKLKKWIAK,-3.700439718
GILSSLWKKPKKIIAK,-6.64385619
GMAKLLAKVLPHVVKLIK,-3.711494907
GMASKLAKVLPHVVKLIK,-5.815063017
GMASLLAKVLPKVVKLIK,-3.596935142
GMASLWAKVLPHVVKLIK,-3.121015401
GMASLWAKVLPHVVKLIK,-4.378511623
RIKRFWPVVIRTVVAGYNLYRAIKK,0.378279614
RIKRFWPVVIRTVVAGYNLYRAIK,2.316274271
RIKRFWPVVIRTVVAGYNLYRAI,0.251483865
RIKRFWPVVIRTVVAGYNLYRA,-0.808242262
RIKRFWPVVIRTVVAGYNLYR,-1.84690964
RIKRFWPVVIRTVVAGYNLY,-5.521028885
RIKRFWPVVIRTVVAGYNL,-5.035507422
RIKRFWPVVIRTVVAGYN,-6.108725582
RIKRFWPVVIRTVVAGY,-5.186517559
RIKRFWPVVIRTVVAG,-6.305601038
RIKRFWPVVIRTVV,-6.406529065
RIKRFWPVVIRT,-6.578109267
RIKRFWPVVIR,-6.674141438
IKRFWPVVIRTVVAGYNLYRAIKKK,2.364954818
KRFWPVVIRTVVAGYNLYRAIKKK,2.309833746
RFWPVVIRTVVAGYNLYRAIKKK,2.244746815
FWPVVIRTVVAGYNLYRAIKKK,1.576281358
WPVVIRTVVAGYNLYRAIKKK,0.077878762
PVVIRTVVAGYNLYRAIKKK,-4.034857754
VVIRTVVAGYNLYRAIKKK,-4.682395845
VIRTVVAGYNLYRAIKKK,-5.164246203
LRRLRKWLRRLLKLL,-1.632268215
VRRVRKWVRRVLKLV,-3.263034406
FRRFRKWFRRFLKLF,-1.632268215
ARRARKWARRALKLA,-4.64385619
LKGCWTKSIPPKPCF,-1.460560993
CWTKSIPPKPCF,-3.786654963
AALKGCWTKSIPPKPCFGF,-1.21498583
CWTKSIPPKPC,-9
FLKGIKGMLGKLF,-3.584962501
FLKGIVGKLGKLF,-3.584962501
FLKGIVGMLGKLL,-2.584962501
FLKGIKGMLGKLL,-3.584962501
FLKGIVGMLGKLW,-2.584962501
GTFIKQQRKQKQQRHHTSGTRKRMAK,-4.337944931
ASITHVKNRGKYIYMHLKFRKTNVLI,-2.353482474
KKVWFIFHVCPKLKQRIL,-2.809138654
NYISFFRKCKNSQST,-5.134429532
GTKRGKLCRISRLAL,-4.259219198
LRHKVYGYCVLGP,-5.411368106
MKTFLRLYRSLINKVLH,-0.90803619
VGRKHSILNCIPYLKKKKIMRL,-1.600364037
RMKLNAKKLSFC,-3.476106889
HNSSKQWSHWLWHNGIRI,-4.807464932
QQRFEWEFEQQ,-8.36434775
IFGAIWPLALGALKNLIK,-2
IFGAIWPLALGALKNLIK,-5
DIFGAIWPLALGALKNLIK,-4
INLKILARLAKKIL,-3.64385619
IRVKIRVKIRVK,-6.374124014
IRVKIRVKIRVK,-4.376430482
KRFKKFFKKVKKSV,-4.322096653
KRFKKFFKKVKKSV,-3.322497903
KRFKKFFKKVKKSV,-5.322096653
FFSMIPHIATGIASLVKNL,-4.958406551
FLSMIPHIAGGIASLVKNL,-5.014186291
KKRLKKIFKKPMVIGVTIPF,-3.321270814
IWSFLIKAATKLLGVGSLFGGGKKDS,-5.570673273
IWSFLIKAATKLLPSLFGG,-5.956291542
VRVKVRVKVRVK,-4.417288568
IRIKIRIKIRIK,-6.334391259
KIAKVALKALKIAKVALKAL,-3.936669639
KIAKVALKALKIAKGALKAL,-3.966016769
FLKALWNVAKSVF,-1.641546029
FLGALWKVAKSVF,-0.641546029
FLGALWNVAKKVF,-0.641546029
FLGELWNVAKSVF,-5.64385619
FLGALWEVAKSVF,-3.64385619
FLGALWNVWKSVF,-0.641546029
FLGELWNVWKSVF,-2.64385619
WGEAFSAGVHRLANGGNG,-6.152791852
WGRAFSAGVHRLANGGNG,-6.131136719
WGRAFSAGVHRLARGGRG,-6.066304502
WGRAFSRGVRRLARGGRG,-5.989593185
WGRAFRRGVRRLARGGRR,-4.873813198
WGRAFRRLVRRLARGLRR,-3.801158656
WLRAFRRLVRRLARGLRR,-1.765534746
WLRAFRRLVRRLARLLRR,-4.732811872
KKYRYHLKPFSKK,-7
KKYRYHLKPFSKK,-7
KKYRYHLKPFCKK,-7
AKRHHGYKRKFHAKRHHGYKRKFH,1.995651496
AKRHHGYKRKFHAKRHHGYKRKFH,1.995651496
AKRHHGYKRKFHAKRHHGYKRKFHAKRHHGYKRKFH,1.993016263
AKRHHGYKRKFHAKRHHGYKRKFHAKRHHGYKRKFH,1.577978764
GRRRRSVQWCA,-6.542038056
SRSEKAGLQFPVGRIGRMLKK,-3.64385619
MLLKKLLKKLLKKM,-6.177173738
LLKKLLKKLLKKC,-5.328207158
CLLKKLLKKLLKKC,-6.224804931
ALGKTMLKKLGTMAL,-3.485426827
ALHKTMLKKLGTMAL,-5.491853096
KALGKTMLKKLGTMAL,-3.392317423
ALWKTMLKKLGTMAL,-4.566815154
ALGKTMLKKLGTMAL,-3.485426827
ALGKTMLKKLGTMAL,-2.5360529
ALFKTMLKKLGTMAL,-2.5360529
ALYKTMLKKLGTMAL,-5.491853096
ALLKTMLKKLGTMAL,-3.584962501
KALWKTMLKKLGTMAL,-3.378511623
KKPKLPWKPKK,-6.64385619
FRRFFKWFRRFFKFF,-1.070389328
FRRPFKWFRRFFKFF,-1.070389328
FRRFFKWPRRFFKFF,-3.169925001
FRRFFKWFRRPFKFF,-3.169925001
FRRPFKWPRRFFKFF,-3.169925001
FRRFFKWPRRPFKFF,-4.169925001
FASGIAGMAGKLF,-7.64385619
FAKGIAGMAGKLF,-7.64385619
ADMDFTGIAESIIKKIKETNAKPPA,-5.573402457
ADMDFTGIAESIIKKIKETNAKPPA,-8.573402457
KEFKRIVQRIKDFLRNLV,-5.189561205
RLLRKFFRKLKKSV,-5.137401817
RLLRKFFRKLKKSV,-5.137401817
RGLRKFFRKLKKSV,-4.182614142
RGLRKFFRKLKKSV,-4.182614142
RLLRGFFRKLKKSV,-4.194963496
RLLRGFFRKLKKSV,-4.194963496
RLLRGFFRGLKKSV,-4.254917596
RLLRGFFRGLKKSV,-4.254917596
RLLRGFFRGLKGSV,-4.317471647
RLLRGFFRGLKGSV,-4.317471647
RLLRKFFRKLKKSV,-5.137401817
RLLRKFFRKLKKSV,-5.137401817
FFGWLIKPAIHAGKAIHGLIHRRRH,-1.584962501
FFGWLIKGAIHAPKAIHGLIHRRRH,-3.765534746
FFGWLIKGAIHAGKAIHPLIHRRRH,-3.765534746
FFGWLIKGAIHAPKAIHPLIHRRRH,-4.906890596
GLPVCGETCTLGTCSTQGCTCSWPICKRN,-7.321928095
GCRRLCYKQRCVTYCRGR,-2.584962501
GCRALCYKQRCVTYCRGA,-5
KCRRLCYRQRCVTYCRGR,-1
GGRRLGYKQRGVTYGRGR,-2.584962501
GCRRLCYKQRCVTYCRGPPR,-3
KCRRYCYRQRCVTYCRGR,-2
KGRRYGYRQRGVTYGRGR,-2
FVPWFSKFLPRIL,-0.641546029
FVPWFSKFLPRIL,-1.64385619
FVPWFSKFLGRIL,-1.64385619
FVPWFSKFLGRIL,-1.64385619
FVPWFSKFLGRIL,-1.64385619
FVPWFSKFLGRIL,-1.64385619
FVPWFSKFLKRIL,-0.641546029
FVPWFSKFLKRIL,-0.641546029
FVPWFSKFLWRIL,-1.64385619
FVPWFSKFLWRIL,-1.64385619
FVPWFSKFLGRIL,-2.64385619
FSEAIKKIIDFLG,-7.434627044
LVKLVAGIKKFLKWK,-7.175997986
KRRWPWWPWRLI,-4.168811851
KKLIKVFAKGFKKAKKLFKGIG,-6.691295473
LIGSLVRGILPLF,-7.517905522
VTADVLSFEAKGIAVNHSACALHCIALRKKGGSAQNGVCVCRN,-3.64385619
VTCDVLSFEAKGIAVNHSAAALHCIALRKKGGSCQNGVAVCRN,-3.64385619
VTCDVLSFEAKGIAVNHSACALHAIALRKKGGSCQNGVCVARN,-3.64385619
SLLSLIRLLIT,-3.64385619
SLLSLIRKLLT,1.321928095
IKKILSKIKKLL,-4.458212526
RSMRLSFRARGYGFR,-1.564772924
FLPIVGLLKSLLK,-5.474051418
FLYIVAKLLSGLL,-1
FLPIVAKLLSGLLGRKKRRQRRR,0
FLPKLLAGLPSFLCLVFKKC,-3
FLPLLLAGLPKFLCLVFKKC,-4
FGISFSSGFSVIG,-6.617642621
FGISWSSGWSVIG,-6.533722667
FGISVSSGVSVIG,-6.728108243
FGISFSSGFSVIG,-6.617642621
WYTGGGTWGWGY,-6.525454931
SRGRTLGTTNGT,-6.713923202
GFLEKLKKGAKDFASALVNSIKGT,-6.665448886
GFLLKLKLGAKLFASAFVNSIK,-2.758202518
FFSLIPKLVKGLISAFK,-3.229587923
FFKLIPKLVKGLISAFK,-2.229587923
MDVFMKGLSKAKEGVVAAAEKTKQGVAEAAGKTKEGVLYVGSKTKEGVVHGVATVAEKTK,-2.678071905
EQVTNVGGAVVTGVTAVAQKTVEGAGSIAAATGFVKKDQLGKNEEGAPQEGILEDMPVDPDNEAYEMPSEEGYQDYEPEA,-4.678071905
MDVFMKGLSKAKEGVVAAAEKTKQGVAEAAGKTKEGVLYVGSKTKEGVVHGVATVAEKTKEQVTNVGGAVVTGVTAVAQKTVEGAGSIAAATGFV,-0.678071905
KKDQLGKNEEGAPQEGILEDMPVDPDNEAYEMPSEEGYQDYEPEA,-4.678071905
ASEELLLRFQATSSGPILREEFE,-6.575171623
EQEENVVKIQAFWKGYKQRKEYM,-4.823479118
DNTDSVVKIQSWFRMATARKSYL,-4.687751732
DHNNEIVKIQSLLRANKARDDYK,-6.511582065
ANVGFVIQLQARLRGFLVRQKFA,-6.57009627
TWLPAVIKIQAHWRGYRQRKIYL,-4.635639241
ANLDAIIKIQAWARMWAARRQYL,-6.50202583
KNVNSIVKIQAFFRARKAQDDYR,-4.923911358
KLKLLLLLKLK,-4.597463356
RGGCLCYCRRRFCVCVCR,-4.722466024
RGGRLGYCRRRFCVGVGR,-1.028569152
RGGRLGYCRRRFCVGVGR,0.434402824
RGGRLCYGRRRFGVCVGR,-2.731183242
RGGCLGYCRRRFCVGVCR,-3.039138394
RGGRLGYGRRRFGVCGGR,-2.855989697
LGDFFRKSKEKIGKEFKRIVQRIKDFLRNLAKRHHGYKRKFH,-4.986227164
ALGDFFRKSKEKIGKEFKRIVQRIKDFLRNLAKRHHGYKRKFHLEY,-4.861024774
SLLPLIRKLIT,-0.641546029
RLLSLIRKLIT,0.358453971
SFLSLIRKLIT,0.358453971
SLLSLFRKLIT,-0.641546029
KYHSGPSDKSKVISGKCEWQGGQLNCIAT,-5.00160748
IATSPYYACNCPNNCKHKKGSGC,-4.345884197
IAGAHKCKPCYGYKTNSCCNSPN,-4.345884197
GKCEWQGGQLNCIAT,-5.959638887
NNCKHKKGSGC,-5.411969171
CCNKGKNKGSH,-5.411969171
KYHSGPSDKSKVIS,-6.028703595
IATSPYYACNCP,-6.263680878
ALWKKILKNAGKAALNKINQIVQ,-2
ALWKDILKNLLKAALNEINQIVQ,-4
AWCFRVCYRGICYRRCR,-1.855509792
KACFRVCYRGICYRRCR,-1.89388623
KWAFRVCYRGICYRRSR,-2.849667793
KWCARVCYRGICYRRCR,-1.867962829
KWCFAVCYRGICYRRCR,-0.873905976
KWCFRACYRGICYRRCR,-1.836681616
KWCFRVAYRGISYRRCR,-1.849667793
KWCFRVCARGICYRRCR,-1.87853362
KWCFRVCYAGICYRRCR,0.126094024
KWCFRVCYRAICYRRCR,0.190172345
KWCFRVCYRGACYRRCR,0.154259146
KWCFRVSYRGIAYRRCR,0.150332207
KWCFRVCYRGICARRCR,-0.87853362
KWCFRVCYRGICYARCR,-1.873905976
KWCFRVCYRGICYRACR,0.126094024
KWSFRVCYRGICYRRAR,-0.849667793
KWCFRVCYRGICYRRCA,-0.873905976
KWAFRVCYRGICYRRAR,-1.860104897
KWCFRVAYRGIAYRRCR,-1.860104897
KWAFRVAYRGIAYRRAR,-2.902712835
KWCFRRCYAGICYRRCR,-2.836681616
RWCFRVCYRGICYRRCR,-0.801009318
KWCGRVCYRGICYRRCR,-1.877221278
KWCSRVCYRGICYRRCR,-2.857468929
KWCFRVCGRGICYRRCR,-2.887860376
KWCFRVCYRGGCYRRCR,-1.854863861
KWCARVCARGACYRRCR,-2.959100557
KWCFVCYRGICYRRCG,-2.991039892
AWCARVCYRGICYRRCR,-2.906041008
AWCFRVCARGICYRRCR,-2.916895583
AWCFRVCYRGACYRRCR,-2.883236029
KWCFRVCYAGICYRRCA,-1.931287921
WIKRLNSWLRK,-6
WIKRLNSWLRK,-5
GSWIKRLNSWLRK,-4
GSWIKRLNSWLRK,-5
GLNALKKVFQKIHEAIKLINNHVQ,-5
GLNALKKVFQKIHEAIKKINNHVQ,-5
WLNALKKVFQGIHEAIKLINNHVQ,-6
WLNALKKVFQGIHEAIKLIWNHVQ,-5
WLNALKKVFQGIHEAIKLIWNWVQ,-5
WLNALKKVWQGIHEAIKLIWNWVQ,-5
GLNALKKVSQGIHEAIKLINNHVQ,-6
GLNALKKVSQGIHESIKLINNHVQ,-6
ALNALKKVSQGIHEAIKLIANHVQ,-5
LNALKKVFQGIHEAIKLI,-4
LNALKKVFQKIHEAIKLI,-4
LNALKKVFQGIHEAIKKI,-4
LNALKKVFQKIHEAIKKI,-4
GLNALKKVFQGIHEAIKKINNHVQ,-5
RNCTWLFSTKLKLPA,-7.814290733
IKKILSKIKKLLGYAGFLR,-5.513716054
YAGFLRGIKKILSKIKKLL,-3.513716054
GHGIKKILSKIKKLL,-3.219166613
GHGHGHGIKKILSKIKKLL,-5.598727794
YAGFLRGIKKILSKIKKLLK,-3.431616825
EGLEPGGIKKILSKIKKLLK,-5.833694454
EGLEPGGKKVVFWVKFK,-6.004279488
YAGFLRGKKVVFWVKFK,-3.916683845
HKKHKKHKKHKK,-5
HKKHKKHKKHKK,-5
HKKHKKHKKHKK,-5
HKKHKKHKKHKK,-5
HKKHKKHKKHKK,-5
HKKHKKHKKHKKHKKHKK,-4
HKKHKKHKKHKKHKKHKK,-4
HKKHKKHKKHKKHKKHKK,-4
HKKHKKHKKHKKHKKHKK,-4
HKKHKKHKKHKKHKKHKK,-4
HKKHKKHKKHKKHKKHKKHKKHKK,-3
HKKHKKHKKHKKHKKHKKHKKHKK,-3
HKKHKKHKKHKKHKKHKKHKKHKK,-3
HKKHKKHKKHKKHKKHKKHKKHKK,-3
HKKHKKHKKHKKHKKHKKHKKHKK,-3
FLRSLLRGAKAIYRGARAGWRG,-1.505116333
PMPVSQECFETLRGHERILSILRHQNLLKELQDLALQGAKERAHQQ,-8.965784285
ERILSILRHQNLLKE,-7.022367813
LQDLALQGAKERAHQQ,-8.569855608
ALQGAKERAHQQ,-8.129283017
GFAWNVCVYRNGVRVCHRRAN,-4.6914935
FFSLIPSLVKKLIKAFK,-3.232660757
FFKLIPKLVKKLIKAFK,-2.232660757
KLLKHKLLVTLA,-5.183585429
FKLLSHSLLVTLASHLP,-1.070389328
GRWRWPPWRWRD,-2.584962501
GWRWRPPWRWRD,-6.64385619
GRRRWPPWRWRD,-2.584962501
RRLRLLLRLRR,-3
RLLRRLRRLLR,-3
RRFRFFFRFRR,-2
RFFRRFRRFFR,-3
RRIRIIIRIRR,-1
RIIRRIRRIIR,-4
RRWRWWWRWRR,-2
RWWRRWRRWWR,-2
RIKWRIFGARWKIR,-5.64385619
KKLLPIVANLLKSLL,-6.266932057
INLKKLAKLGKKIL,-3.755727797
GRGDFINLKKLAKLGKKIL,-2.658247808
GRGEFINLKKLAKLGKKIL,-1.912089144
AFCWNVCVYRNAVRVCHRRCN,-3.638776263
GFCKAVCVYRNGVRVCHRRCN,-2.713166154
GFWNVVYRNGVRVHRRN,-5.910223913
GFCWNVAVYRNGVRVAHRRCN,-2.6914935
GIWKKWIKKWLKKLLKKLWKKG,-4.495806759
GIWKKWIKKWLKKLLKKLWKKG,-3.495806759
GIWKKWIKKVVNVLKNLF,-3.854139978
GIWKKWIKKVVNVLKNLF,-2.854139978
GVIKAAKKVVKVLKKLF,-5.098158042
GVIKAAKKVVKVLKKLF,-4.098158042
AKKKLSRWWLRWWVK,-6.593849116
AKKKLSRWWLRWWVK,-6.593849116
AKKKLSRWWLRWWVK,-6.593849116
AKKKLSRWWLRWWVK,-6.178811617
AVKKLLRWWSRWWKK,-6.593849116
AVKKLLRWWSRWWKK,-6.593849116
AVKKLLRWWSRWWKK,-6.593849116
AVKKLLRWWSRWWKK,-6.178811617
GIWKKWIKKWLNVLKNLF,-2.789685953
GIWKKWIKKWLNVLKNLF,-1.789685953
GIWKKWIKKWLKVLKNLF,-2.780939928
GIWKKWIKKWLKVLKNLF,-1.780939928
GIWKKWIKKWLKKLKNLF,-4.763054362
GIWKKWIKKWLKKLKNLF,-3.763054362
GVIKAAKKVVNVLKNLF,-6.120051191
GVIKAAKKVVNVLKNLF,-5.120051191
GVIKAAKKVVKVLKNLF,-5.109063088
GVIKAAKKVVKVLKNLF,-4.109063088
VNFKLLSHSLLVTLASHL,-3.650080399
VNFKLLSHSLLVTLASHL,-4.650080399
KLLSHSLLVTLA,-7.272453453
KLLSHSLLVTLA,-7.272453453
AARIILRRRFR,-7
AARIILRDRFR,-7
KLLRHRLLVTLA,-6.126006053
KLLRHRLLVTLA,-6.126006053
VRFKLLSHSLLVTLASHL,-3.619912483
VRFKLLSHSLLVTLASHL,-3.619912483
RRFKLLSHSLLVTLASHL,-1.579987443
RRFKLLSHSLLVTLASHL,-2.579987443
AARIILRPRFR,-7
AARIILRIRFR,-4
AARIILRGRFR,-7
AARIILRNRFR,-7
AARIILRTRFR,-7
AARIILRYRFR,-6
AARIILRARFR,-5
AARIILRFRFR,-4
AARIILRLRFR,-5
RWKIFKKIEKMGRNIRDGIVKAGPAIQVLGSAKAI,-4.321928095
AAKIILNPKFR,-7
FAKKFAKKFKKFAKKFAKFAFAF,-6.493582481
FKLRAKIKVRLRAKIKL,-5.622404197
KFAKKFAKKFAK,-8.080430188
KFAKKFAKKFAKKFAK,-5.810524547
KFAKKFAKKFAKKFAKKFAK,-5.491164122
KFAKKFAKKFAKKFAKKFAKKFAK,-5.161136325
KFAKKFAKKFAKKFAKKFAKKFAKKFAK,-5.074270045
KFAKKFAKKFAKKFAKKFAKKFAKKFAKKFAK,-5.619510031
RFARRFARRFARRFARRFARRFAR,-5.872327774
RFARRFARRFARRFARRFARRFARRFAR,-6.651033629
RFARRFARRFARRFARRFARRFARRFARRFAR,-6.459212807
FAKKFAKKFAKKFAKKFAKKFAKK,-6.032403011
AKKFAKKFAKKFAKKFAKKFAKKF,-7.032403011
KKFAKKFAKKFAKKFAKKFAKKFA,-6.032403011
LKKLLKKLLKKLLKKLLKKL,-7.684626126
LKKLLKKLLKKLLKKLLKKLLKKL,-7.008236131
LKKLLKKLLKKLLKKLLKKLLKKLLKKL,-6.787050525
LKKLLKKLLKKLLKKLLKKLLKKLLKKLLKKL,-6.59531122
KFAFKFAFKFAFKFAFKFAFKFAFKFAF,-7.16992177
KFFKKFFKKFFKKFFKKFFKKFFKKFFK,-6.597708819
KAAKKAAKKAAKKAAKKAAKKAAKKAAK,-7.476986523
KKAKKKAKKKAKKKAKKKAKKKAKKKAK,-6.284915363
KFKKFKKFKKFKKFKKFK,-7.264959899
KFKKFKKFKKFKKFKKFKKFK,-7.04400776
KFKKFKKFKKFKKFKKFKKFKKFK,-5.852439392
KFKKFKKFKKFKKFKKFKKFKKFKKFK,-6.683356342
KFKKFKKFKKFKKFKKFKKFKKFKKFKKFK,-5.532027163
FKAFKAFKAFKAFKAFKA,-7.483390303
FKAFKAFKAFKAFKAFKAFKA,-7.262677677
FKAFKAFKAFKAFKAFKAFKAFKA,-7.071293731
FKAFKAFKAFKAFKAFKAFKAFKAFKA,-6.90234577
FKAFKAFKAFKAFKAFKAFKAFKAFKAFKA,-6.75112893
LKLKLKLKLKLKLK,-7.779833188
LKLKLKLKLKLKLKLK,-7.58899012
LKLKLKLKLKLKLKLKLK,-7.42046824
LKLKLKLKLKLKLKLKLKLK,-7.269588627
LKLKLKLKLKLKLKLKLKLKLK,-7.132999566
LKLKLKLKLKLKLKLKLKLKLKLK,-7.008236131
LRLRLRLRLRLRLR,-7.622895831
LRLRLRLRLRLRLRLRLR,-7.263203569
LALALALALALALALALALALA,-7.934650265
KWAVRIIRKFIKGFIS,-0.739848103
KWKSFIKKLTTAVKKVLTTGLPALIS,-3.478165293
KWKSFIKKLTSAAKKVVTTAKPLISS,-4.483732656
KWKLFKKIGIGAVLTTGLPALIS,-4.704829478
KWKLFKKIGIGAVLTTGLPALIS,-4.704829478
GLFDVIGGVASVIGGL,-4.441497243
GLFDVIRRVASVIGGL,-3.259288267
GLFDVIRKVASVIGGL,-4.283676301
GLFEVIKKVASVIGGL,-4.29600454
GLWDVIKKVASVIGGL,-4.274023321
GLWRVIRKVASVIGGL,-4.214968451
GLFDVIKKVASVIGGL,-4.308483701
GLGDVIKKVASVIGGL,-4.391323208
GLGDVIKKVASVIGGL,-4.391323208
GLWDVIRKVASVIGGL,-4.249796563
ALRGCWTKSIPPKPCK,-9
KWIVWRWRFKR,-2.853753187
YIRKIRRFFKKLKKILKK,-3.7332974
SYERKINRHFKTLKKNLKKK,-4.644374751
GWLKKIGKKIERVGQNTRDATIQAIGVAQQAANVAATLKG,-5.928281944
GWVKKIGKKIERVGQNTRDATIQVIGVAQQAANVAATLKG,-5.923478529
YIRKIRRFFKKRFKFRKK,-3.65223231
LKMLGMLFHNIRNILKTV,-6
FLREFHKWIERVVGWLGKVF,-5
LFNNYITAALKLLEKLYKV,-3
RFCWKVCYKGICFKKCK,-3.491853096
RFCWKVCYKGICFKKCK,-3.906890596
RFCWKVCYKGICFKKCK,-2.902571237
RFCWKVCYKGICFKKCK,-0.902571237
IHHIHHHIHHIHHH,-4
IHHIHHHIHHIHHHIHHIHHH,0
IHHIHHHIHHIHHHIHHIHHHIHHIHHH,-1
IHHIHHIIHHIHHI,-3
IHHIHHIIHHIHHIIHHIHHI,-1
IHHIHHIIHHIHHIIHHIHHIIHHIHHI,-6
FGIGAGLGGCLGGFCGGIGAGLGF,-3.700439718
FGIGAGLGGCLGGFCGGIGAGLGF,-3.700439718
FGLGAGIGVGLGAGIGL,-3.672425342
FGLGAGIGVGLGAGIGL,-3.087462841
RWCFKVCYKGICYKKCK,-3.485426827
RWCFKVCYKGICYKKCK,-2.887525271
VAIALKAAAYHTHKE,2.697675976
VAIALKAAHYHTAKE,-6.302324024
YFRTIRRFFKKLFKTLKK,-4.724986991
VWKRWVVRKWKWVKKKVKKK,-4.554559322
GGGQQGGGGGGQGGQGGGY,-2
GGGQQGGGGGGQGGQGGGY,-5
GGGNNGGGGGGNGGNGGGY,-5
LKLSPKTKKTLKKVLKGAIKGAIAIASMA,-6.321928095
LKLSPKTKKTLKKVLKGAIKGAIAIASMA,-5.321928095
ILLKIWEGIKSLF,-1.646162657
ALGKFWEKIKSLF,-1.646162657
ILKKIWEGIKSLF,-0.641546029
ILGKFWEGIKSLF,-1.646162657
ILGKIWEPIKSLF,-5.64385619
WLGKIWEGIKSLF,-1.646162657
SLLSLIRKFFT,-0.641546029
VTCDVLSFEAKGIAVNHSACALHCIALRKKGGSCQNGVCVCRN,-2.321928095
SQRKLAAKLTSK,-5
SQRKLAAKLTSKGGGRLLRPLLQLLKQKLR,-3
RKSREWRSKKTQPRRPR,-10
KNQYGRIRVLQRFNQR,-10
RIRLLQRFNKR,-9
RQYMRQIEQALRYGYRISRR,-7.64385619
FLRALWNVAKSVF,-1.632268215
FLGALWRVAKSVF,-0.678071905
FLGALWNVAKRVF,-1.632268215
GLGALWNVAKSVF,-4.64385619
FLGALWNPAKSVF,-5.64385619
FLGALWNVLKSVF,-1.632268215
FLGALWNVFKSVF,-2.655351829
FLGALWNVAKSLF,-1.632268215
FLGALWNVAKSYF,-5.64385619
SRSELIVRQRLF,-8.056231969
SRSDLIVHQRLF,-8.088334492
SRSQLIVHQRLF,-8.075590548
SRSALIVHQRLF,-8.132195871
SRSGLIVHQRLF,-8.146463534
SRSELRVHQRLF,-8.033392345
SRSELKVHQRLF,-8.060106062
SRSEKIVHQRLF,-8.060106062
SRSEIVHQRLF,-8.189080176
SRSEKIVHQLF,-8.218880371
SRSELIVHQRLF,-2.752709235
SRSCLIVCQRLF,-1.81222212
SRSGLIVGQRLF,-2.908799823
GWWRRTVDKVRNAGRK,-6.64385619
WWRRTVAKVRNAGRK,-6.64385619
GWWRRTVAKVRK,-2.655351829
AWWRRTVAKVRK,-4.64385619
GAWRRTVAKVRK,-5.64385619
GWARRTVAKVRK,-5.64385619
GWWARTVAKVRK,-4.64385619
GWWRATVAKVRK,-4.64385619
GWWRRAVAKVRK,-4.64385619
GWWRRTAAKVRK,-4.64385619
GWWRRTVAAVRK,-4.64385619
GWWRRTVAKARK,-4.64385619
GWWRRTVAKVAK,-4.64385619
GWWRRTVAKVRA,-4.64385619
KSAFELPHYGL,-8.965784285
KSHFELPAYGL,-8.965784285
KSHFELPHYGL,-8.965784285
ALFDIIKKIAESF,-6.421012997
GAFDIIKKIAESF,-7.47624737
GLADIIKKIAESF,-6.510785921
GLFAIIKKIAESF,-5.47818539
GLFDAIKKIAESF,-7.47624737
GLFDIAKKIAESF,-7.47624737
GLFDIIAKIAESF,-8.491388804
GLFDIIKAIAESF,-5.491388804
GLFDIIKKAAESF,-8.47624737
GLFDIIKKIAASF,-4.492342343
GLFDIIKKIAEAF,-4.450311117
GLFDIIKKIAESA,-8.510796199
ARIVQRIKDFLR,-5.321928095
KAIVQRIKDFLR,-5.321928095
KRAVQRIKDFLR,-5.321928095
KRIAQRIKDFLR,-5.321928095
RLFDKIRQVIRK,-2.321928095
AGGKRIVQRIKDFLRGAGGRLFDKIRQVIRKG,-1.321928095
AGKRIVQRIKDFLRGAGRLFDKIRQVIRKG,-1.321928095
AKRIVQRIKDFLRGARLFDKIRQVIRKG,-1.321928095
AGGKRIVQRIKDFLRGAGGKRIVQRIKDFLRG,-1.321928095
AGKRIVQRIKDFLRGAGKRIVQRIKDFLRG,-0.321928095
AKRIVQRIKDFLRGAKRIVQRIKDFLRG,-0.321928095
AGGKRIVKRIKKFLRGAGGKRIVKRIKKFLRG,-0.321928095
CGGRLFDKIRQVIRKGAGGRLFDKIRQVIRKG,-1.321928095
CGGKRIVQRIKDFLRGAGGRLFDKIRQVIRKG,0.678071905
CGGKRIVQRIKDFLRGAGGKRIVQRIKDFLRG,0.678071905
CGGKRIVQRIKDFLRGAGGRLFDKIRQVIRKG,-1.321928095
CGGKRIVQRIKDFLRGAGGKRIVQRIKDFLRG,-1.321928095
KRIVARIKDFLR,-4.321928095
KRIVQAIKDFLR,-5.321928095
KRIVQRAKDFLR,-5.321928095
KRIVQRIADFLR,-5.321928095
KRIVQRIKAFLR,-2.321928095
KRIVQRIKDALR,-4.321928095
KRIVQRIKDFAR,-5.321928095
KRIVQRIKDFLA,-5.321928095
KKIVQRIKDFLR,-3.321928095
KRKVQRIKDFLR,-4.321928095
KRIKQRIKDFLR,-4.321928095
KRIVKRIKDFLR,-1.321928095
KRIVQKIKDFLR,-4.321928095
KRIVQRKKDFLR,-5.321928095
KRIVQRIKKFLR,-1.321928095
KRIVQRIKDKLR,-5.321928095
KRIVQRIKDFKR,-5.321928095
KRIVQRIKDFLK,-3.321928095
KRIVARIKAFLR,-1.321928095
KRIVKRIKKFLR,-1.321928095
KRIVKRIKAFLR,-0.321928095
KRKVKRIKKFLR,-0.321928095
KRIVARIKAALR,-3.321928095
KRIAQRIKAFLR,-3.321928095
KRAAQRIKAFLR,-5.321928095
KRIVQRKKDKKR,-5.321928095
KRIVQRKKDFKR,-5.321928095
GGGGGGGGGGGG,-4.388900225
RKGSRMGKKCECP,-3.754887502
RKGSQMGKKCECP,-1.678071905
KYEITTIHNLFRKLTHRLFRRNFGYTLR,-5.64385619
KYEITTIHNLARKLTHRLARRNAGATLR,-5.64385619
GFLKKIGKKLEGAVQRTRDATIQTIAVAQAAANVAATAKQG,-7.931377337
GWLRDFGKRIERTGQNIRDATIQTIGIAQEAANVAATLKG,-7.882341524
GWLRDFGKRIERTGQNIRDATIQTIGIAQEAANVAATLK,-7.901435587
GFLKKVGKKLEGASDLTRDATIQTIAVAQAAANVAATAKQG,-7.959910653
QFNMQGGGSPRQGFDVNANARFPIWQSQNARNSVHGTASYAQHLGGPYGNSRPNFGGGLQFT,-7.265960271
AACSLGSLLNVGCNSCACAAHCLATRGKNGACNSQRRCVCNK,-4.91970732
ATCDLLSFLNVKDAACAAHCLAKGYRGGYCDGRKVCNCRK,-4.897335151
MPKWKVFKKIEKVGRNIRNGIVKAGPAIAVLGEAKALG,-4.968611862
